feature1,feature2,feature3,prediction
0.5,0.1,0.3,1.0021299126673993
-0.3,0.7,-0.2,0.5471373328370367
1.2,-0.4,0.6,1.5061088682137813
-0.8,0.9,-0.1,-0.20422806975367425
